CORRELATION,DEVIATION,FUNCTION,R2
1.0,0.0,1.00 * x + 0.00,0.0
0.0,1.5190188108682063E-15,-0.00 + 1.00 * x + -0.00 * x^2,
0.0,0.0,0.00 + 1.00 * x + 0.00 * x^2 + -0.00 * x^3,
0.9516623904271332,0.8822098564591911,3.93 * ln(x) + -0.44,
0.9516623904271332,1.1106972840834353,1.28 * e^(0.23 * x),
1.0,0.0,1.00 * x^1.00,
